{"stats":{"minecraft:used":{"minecraft:glass":18,"minecraft:warped_stem":5,"minecraft:yellow_dye":1,"minecraft:diorite":13,"minecraft:black_concrete":26,"minecraft:command_block":8,"minecraft:spruce_slab":90,"minecraft:oak_button":1,"minecraft:dark_oak_sign":2,"minecraft:barrier":96,"minecraft:spruce_button":16,"minecraft:oak_planks":13,"minecraft:oak_sign":8,"minecraft:shield":1,"minecraft:tinted_glass":131,"minecraft:ender_chest":8,"minecraft:spruce_trapdoor":111,"minecraft:glow_ink_sac":10,"minecraft:dark_oak_button":4,"minecraft:stripped_birch_wood":5,"minecraft:bedrock":8,"minecraft:blue_dye":1,"minecraft:green_dye":1,"minecraft:spruce_stairs":29,"minecraft:birch_sign":6,"minecraft:chain_command_block":10,"minecraft:cyan_dye":2,"minecraft:polished_blackstone_button":4,"minecraft:white_concrete":25,"minecraft:red_dye":2,"minecraft:warped_pressure_plate":1,"minecraft:spruce_log":37,"minecraft:obsidian":2},"minecraft:custom":{"minecraft:time_since_rest":359,"minecraft:sprint_one_cm":9217,"minecraft:damage_taken":1046,"minecraft:walk_one_cm":81487,"minecraft:damage_blocked_by_shield":60,"minecraft:damage_dealt":9,"minecraft:fly_one_cm":126827,"minecraft:crouch_one_cm":1372,"minecraft:play_time":61322,"minecraft:deaths":12,"minecraft:sneak_time":3606,"minecraft:jump":88,"minecraft:leave_game":3,"minecraft:time_since_death":359,"minecraft:total_world_time":79049,"minecraft:fall_one_cm":10823},"minecraft:picked_up":{"minecraft:rotten_flesh":2}},"DataVersion":3218}